{
  "years": [
    2004,
    2005,
    2006,
    2007,
    2008,
    2009,
    2010,
    2011,
    2012,
    2013,
    2014,
    2015,
    2016,
    2017,
    2018,
    2019,
    2020,
    2021,
    2022,
    2023,
    2024,
    2025,
    2026
  ],
  "domains": [
    "career_intensity",
    "travel_intensity",
    "health_intensity",
    "social_intensity",
    "ecd_intensity",
    "creative_intensity"
  ],
  "values": [
    [
      2.0,
      0.0,
      6.0,
      0.2,
      0.0,
      0.0032
    ],
    [
      2.0,
      0.0,
      4.0,
      0.4,
      10.0,
      0.0
    ],
    [
      0.0,
      0.0,
      0.0,
      0.6,
      10.0,
      0.0066
    ],
    [
      2.0,
      2.8,
      6.0,
      1.0,
      10.0,
      3.0436
    ],
    [
      0.0,
      2.8,
      10.0,
      0.6,
      10.0,
      9.069
    ],
    [
      0.0,
      4.2,
      0.0,
      1.0,
      0.8,
      4.5668
    ],
    [
      2.0,
      2.8,
      0.0,
      0.6,
      3.9000000000000004,
      0.525
    ],
    [
      2.0,
      5.6,
      6.0,
      0.8,
      3.4000000000000004,
      0.5258
    ],
    [
      2.0,
      1.4,
      0.0,
      0.2,
      1.7000000000000002,
      0.0142
    ],
    [
      0.0,
      4.2,
      0.0,
      1.4000000000000001,
      2.3000000000000003,
      4.0464
    ],
    [
      0.0,
      1.4,
      0.0,
      1.7999999999999998,
      1.3,
      4.0374
    ],
    [
      0.0,
      1.4,
      0.0,
      0.6,
      1.2,
      0.512
    ],
    [
      2.0,
      1.4,
      0.0,
      0.8,
      0.8999999999999999,
      1.0148
    ],
    [
      0.0,
      4.2,
      10.0,
      1.7999999999999998,
      0.7000000000000001,
      1.5246
    ],
    [
      2.0,
      2.8,
      0.0,
      1.0,
      0.3,
      1.0356
    ],
    [
      0.0,
      4.2,
      6.0,
      0.8,
      0.7000000000000001,
      3.037
    ],
    [
      2.0,
      1.4,
      6.0,
      1.7999999999999998,
      0.6,
      4.0396
    ],
    [
      2.0,
      1.4,
      0.0,
      1.7999999999999998,
      0.2,
      2.5432
    ],
    [
      0.0,
      0.0,
      0.0,
      0.2,
      0.2,
      0.0148
    ],
    [
      0.0,
      1.4,
      0.0,
      0.0,
      0.2,
      0.5116
    ],
    [
      0.0,
      1.4,
      6.0,
      0.6,
      0.6,
      0.0128
    ],
    [
      2.0,
      1.4,
      4.0,
      0.4,
      0.4,
      0.014
    ],
    [
      0.0,
      1.4,
      0.0,
      0.0,
      0.0,
      0.0
    ]
  ]
}